{
  "id": "4a2fd0e3-d327-47f6-bb7a-aa1bc5f79be1",
  "prevId": "00000000-0000-0000-0000-000000000000",
  "version": "7",
  "dialect": "postgresql",
  "tables": {
    "public.invoice_templates": {
      "name": "invoice_templates",
      "schema": "",
      "columns": {
        "id": {
          "name": "id",
          "type": "serial",
          "primaryKey": true,
          "notNull": true
        },
        "name": {
          "name": "name",
          "type": "text",
          "primaryKey": false,
          "notNull": true
        },
        "template_data": {
          "name": "template_data",
          "type": "json",
          "primaryKey": false,
          "notNull": true
        },
        "created_at": {
          "name": "created_at",
          "type": "timestamp",
          "primaryKey": false,
          "notNull": false,
          "default": "now()"
        }
      },
      "indexes": {},
      "foreignKeys": {},
      "compositePrimaryKeys": {},
      "uniqueConstraints": {},
      "policies": {},
      "checkConstraints": {},
      "isRLSEnabled": false
    },
    "public.invoices": {
      "name": "invoices",
      "schema": "",
      "columns": {
        "id": {
          "name": "id",
          "type": "serial",
          "primaryKey": true,
          "notNull": true
        },
        "document_type": {
          "name": "document_type",
          "type": "text",
          "primaryKey": false,
          "notNull": false,
          "default": "'invoice'"
        },
        "invoice_number": {
          "name": "invoice_number",
          "type": "text",
          "primaryKey": false,
          "notNull": true
        },
        "company_name": {
          "name": "company_name",
          "type": "text",
          "primaryKey": false,
          "notNull": true
        },
        "company_email": {
          "name": "company_email",
          "type": "text",
          "primaryKey": false,
          "notNull": true
        },
        "company_address": {
          "name": "company_address",
          "type": "text",
          "primaryKey": false,
          "notNull": false,
          "default": "''"
        },
        "company_phone": {
          "name": "company_phone",
          "type": "text",
          "primaryKey": false,
          "notNull": false,
          "default": "''"
        },
        "company_website": {
          "name": "company_website",
          "type": "text",
          "primaryKey": false,
          "notNull": false,
          "default": "''"
        },
        "company_logo": {
          "name": "company_logo",
          "type": "text",
          "primaryKey": false,
          "notNull": false,
          "default": "''"
        },
        "client_name": {
          "name": "client_name",
          "type": "text",
          "primaryKey": false,
          "notNull": true
        },
        "client_email": {
          "name": "client_email",
          "type": "text",
          "primaryKey": false,
          "notNull": false,
          "default": "''"
        },
        "client_address": {
          "name": "client_address",
          "type": "text",
          "primaryKey": false,
          "notNull": false,
          "default": "''"
        },
        "issue_date": {
          "name": "issue_date",
          "type": "text",
          "primaryKey": false,
          "notNull": true
        },
        "due_date": {
          "name": "due_date",
          "type": "text",
          "primaryKey": false,
          "notNull": false,
          "default": "''"
        },
        "items": {
          "name": "items",
          "type": "json",
          "primaryKey": false,
          "notNull": true
        },
        "subtotal": {
          "name": "subtotal",
          "type": "numeric(10, 2)",
          "primaryKey": false,
          "notNull": true
        },
        "tax_rate": {
          "name": "tax_rate",
          "type": "numeric(5, 2)",
          "primaryKey": false,
          "notNull": false,
          "default": "'0'"
        },
        "tax_amount": {
          "name": "tax_amount",
          "type": "numeric(10, 2)",
          "primaryKey": false,
          "notNull": false,
          "default": "'0'"
        },
        "discount_amount": {
          "name": "discount_amount",
          "type": "numeric(10, 2)",
          "primaryKey": false,
          "notNull": false,
          "default": "'0'"
        },
        "total": {
          "name": "total",
          "type": "numeric(10, 2)",
          "primaryKey": false,
          "notNull": true
        },
        "bank_name": {
          "name": "bank_name",
          "type": "text",
          "primaryKey": false,
          "notNull": false,
          "default": "''"
        },
        "bank_account_holder": {
          "name": "bank_account_holder",
          "type": "text",
          "primaryKey": false,
          "notNull": false,
          "default": "''"
        },
        "bank_account": {
          "name": "bank_account",
          "type": "text",
          "primaryKey": false,
          "notNull": false,
          "default": "''"
        },
        "ifsc_code": {
          "name": "ifsc_code",
          "type": "text",
          "primaryKey": false,
          "notNull": false,
          "default": "''"
        },
        "upi_id": {
          "name": "upi_id",
          "type": "text",
          "primaryKey": false,
          "notNull": false,
          "default": "''"
        },
        "payment_qr_code": {
          "name": "payment_qr_code",
          "type": "text",
          "primaryKey": false,
          "notNull": false,
          "default": "''"
        },
        "notes": {
          "name": "notes",
          "type": "text",
          "primaryKey": false,
          "notNull": false,
          "default": "''"
        },
        "created_at": {
          "name": "created_at",
          "type": "timestamp",
          "primaryKey": false,
          "notNull": false,
          "default": "now()"
        }
      },
      "indexes": {},
      "foreignKeys": {},
      "compositePrimaryKeys": {},
      "uniqueConstraints": {
        "invoices_invoice_number_unique": {
          "name": "invoices_invoice_number_unique",
          "nullsNotDistinct": false,
          "columns": [
            "invoice_number"
          ]
        }
      },
      "policies": {},
      "checkConstraints": {},
      "isRLSEnabled": false
    }
  },
  "enums": {},
  "schemas": {},
  "sequences": {},
  "roles": {},
  "policies": {},
  "views": {},
  "_meta": {
    "columns": {},
    "schemas": {},
    "tables": {}
  }
}